<?xml version ="1.0" encoding ="UTF-8" ?>
<Configuration status="WARN">
    <Appenders>
        <file name ="File" fileName="app.log" append="true"/>
        <PatternLayout pattern="%d{yyyy-MM-dd HH:mm:ss} [%t] %-5level %logger{36} - %msg %n" />
        <Console name="Console" target="SYSTEM_OUT">
            <PatternLayout pattern="%d{yyyy-MM-dd HH:mm:ss} [%t] %-5level %logger{36} - %msg %n" />
        </Console>
    </Appenders>
    <Loggers>
        <Root level="info">
            <AppenderRef ref="File" />
            <AppenderRef ref="Console" />
        </Root>
    </Loggers>
</Configuration>